Model,Owner,Test Accuracy,Test F1,Test Log Loss,Parameter Count,Parameter Count (Raw),Inference ms/sample,Model Size MB
Linear SVM (TF-IDF),Taehun Kim,0.7454549951767295,0.6394562589776828,0.5917555316761316,93013,93013,2.579212928015155e-05,0.7102146148681641
Word2Vec + Siamese LSTM,Jun Park,0.7759281703727522,0.7237857121078147,0.4645795139757757,4565357,4565357,0.2811051644019049,52.307677268981934
Bi-Encoder Early Stopping,Sanghun Han,0.8217121373271662,0.7747218402300288,0.5109421059850711,1304897,1304897,0.0123534342444979,4.982410430908203
Embedding+Linear Int8 Bi-Encoder Early Stopping,Sanghun Han,0.8163447030596849,0.7723160896629971,0.5193210086694829,1304897,0,0.0148843940100581,1.2539186477661133
BERT Cross-Encoder,Yuchan,0.9079126369685128,0.8804623535077861,0.2198550113302646,109483778,109483778,39.1320510577998,417.7272109985352
BERT Cross-Encoder Int8,Yuchan,0.8736055801528606,0.8498560263266146,0.2711769789154935,38400,38400,84.54123515625724,104.89794063568117
